<?xml version="1.0" encoding="utf-8"?>
<browserconfig>
  <msapplication>
    <tile>
      <square70x70logo src="assets/images/icons/mstile-70x70.png?v=vMMWa37WBk"/>
      <square150x150logo src="assets/images/icons/mstile-150x150.png?v=vMMWa37WBk"/>
      <square310x310logo src="assets/images/icons/mstile-310x310.png?v=vMMWa37WBk"/>
      <wide310x150logo src="assets/images/icons/mstile-310x150.png?v=vMMWa37WBk"/>
      <TileColor>#da532c</TileColor>
    </tile>
  </msapplication>
</browserconfig>
