{
  "format": "javascript-image-pre1",
  "arch": "os.osx.x86_64",
  "load": [
    {
      "node_modules": "npm/es5-shim/node_modules",
      "sourceMap": "packages/es5-shim.js.map",
      "path": "packages/es5-shim.js"
    },
    {
      "sourceMap": "packages/underscore.js.map",
      "path": "packages/underscore.js"
    },
    {
      "node_modules": "npm/meteor/node_modules",
      "sourceMap": "packages/meteor.js.map",
      "path": "packages/meteor.js"
    },
    {
      "sourceMap": "packages/meteor-base.js.map",
      "path": "packages/meteor-base.js"
    },
    {
      "sourceMap": "packages/mobile-experience.js.map",
      "path": "packages/mobile-experience.js"
    },
    {
      "node_modules": "npm/npm-mongo/node_modules",
      "sourceMap": "packages/npm-mongo.js.map",
      "path": "packages/npm-mongo.js"
    },
    {
      "sourceMap": "packages/base64.js.map",
      "path": "packages/base64.js"
    },
    {
      "sourceMap": "packages/ejson.js.map",
      "path": "packages/ejson.js"
    },
    {
      "sourceMap": "packages/check.js.map",
      "path": "packages/check.js"
    },
    {
      "node_modules": "npm/babel-compiler/node_modules",
      "sourceMap": "packages/babel-compiler.js.map",
      "path": "packages/babel-compiler.js"
    },
    {
      "sourceMap": "packages/ecmascript.js.map",
      "path": "packages/ecmascript.js"
    },
    {
      "sourceMap": "packages/babel-runtime.js.map",
      "path": "packages/babel-runtime.js"
    },
    {
      "node_modules": "npm/ecmascript-runtime/node_modules",
      "sourceMap": "packages/ecmascript-runtime.js.map",
      "path": "packages/ecmascript-runtime.js"
    },
    {
      "node_modules": "npm/promise/node_modules",
      "sourceMap": "packages/promise.js.map",
      "path": "packages/promise.js"
    },
    {
      "sourceMap": "packages/random.js.map",
      "path": "packages/random.js"
    },
    {
      "sourceMap": "packages/id-map.js.map",
      "path": "packages/id-map.js"
    },
    {
      "sourceMap": "packages/ordered-dict.js.map",
      "path": "packages/ordered-dict.js"
    },
    {
      "sourceMap": "packages/tracker.js.map",
      "path": "packages/tracker.js"
    },
    {
      "sourceMap": "packages/mongo-id.js.map",
      "path": "packages/mongo-id.js"
    },
    {
      "sourceMap": "packages/diff-sequence.js.map",
      "path": "packages/diff-sequence.js"
    },
    {
      "sourceMap": "packages/geojson-utils.js.map",
      "path": "packages/geojson-utils.js"
    },
    {
      "sourceMap": "packages/minimongo.js.map",
      "path": "packages/minimongo.js"
    },
    {
      "sourceMap": "packages/retry.js.map",
      "path": "packages/retry.js"
    },
    {
      "sourceMap": "packages/ddp-common.js.map",
      "path": "packages/ddp-common.js"
    },
    {
      "node_modules": "npm/ddp-client/node_modules",
      "sourceMap": "packages/ddp-client.js.map",
      "path": "packages/ddp-client.js"
    },
    {
      "sourceMap": "packages/rate-limit.js.map",
      "path": "packages/rate-limit.js"
    },
    {
      "sourceMap": "packages/ddp-rate-limiter.js.map",
      "path": "packages/ddp-rate-limiter.js"
    },
    {
      "node_modules": "npm/logging/node_modules",
      "sourceMap": "packages/logging.js.map",
      "path": "packages/logging.js"
    },
    {
      "sourceMap": "packages/routepolicy.js.map",
      "path": "packages/routepolicy.js"
    },
    {
      "sourceMap": "packages/deps.js.map",
      "path": "packages/deps.js"
    },
    {
      "sourceMap": "packages/htmljs.js.map",
      "path": "packages/htmljs.js"
    },
    {
      "sourceMap": "packages/html-tools.js.map",
      "path": "packages/html-tools.js"
    },
    {
      "sourceMap": "packages/blaze-tools.js.map",
      "path": "packages/blaze-tools.js"
    },
    {
      "sourceMap": "packages/spacebars-compiler.js.map",
      "path": "packages/spacebars-compiler.js"
    },
    {
      "sourceMap": "packages/jquery.js.map",
      "path": "packages/jquery.js"
    },
    {
      "sourceMap": "packages/observe-sequence.js.map",
      "path": "packages/observe-sequence.js"
    },
    {
      "sourceMap": "packages/reactive-var.js.map",
      "path": "packages/reactive-var.js"
    },
    {
      "sourceMap": "packages/blaze.js.map",
      "path": "packages/blaze.js"
    },
    {
      "sourceMap": "packages/spacebars.js.map",
      "path": "packages/spacebars.js"
    },
    {
      "sourceMap": "packages/ui.js.map",
      "path": "packages/ui.js"
    },
    {
      "sourceMap": "packages/boilerplate-generator.js.map",
      "path": "packages/boilerplate-generator.js",
      "assets": {
        "boilerplate_web.browser.html": "assets/packages/boilerplate-generator/boilerplate_web.browser.html",
        "boilerplate_web.cordova.html": "assets/packages/boilerplate-generator/boilerplate_web.cordova.html"
      }
    },
    {
      "sourceMap": "packages/webapp-hashing.js.map",
      "path": "packages/webapp-hashing.js"
    },
    {
      "node_modules": "npm/webapp/node_modules",
      "sourceMap": "packages/webapp.js.map",
      "path": "packages/webapp.js"
    },
    {
      "sourceMap": "packages/callback-hook.js.map",
      "path": "packages/callback-hook.js"
    },
    {
      "node_modules": "npm/ddp-server/node_modules",
      "sourceMap": "packages/ddp-server.js.map",
      "path": "packages/ddp-server.js"
    },
    {
      "sourceMap": "packages/ddp.js.map",
      "path": "packages/ddp.js"
    },
    {
      "sourceMap": "packages/binary-heap.js.map",
      "path": "packages/binary-heap.js"
    },
    {
      "node_modules": "npm/mongo/node_modules",
      "sourceMap": "packages/mongo.js.map",
      "path": "packages/mongo.js"
    },
    {
      "sourceMap": "packages/blaze-html-templates.js.map",
      "path": "packages/blaze-html-templates.js"
    },
    {
      "sourceMap": "packages/session.js.map",
      "path": "packages/session.js"
    },
    {
      "sourceMap": "packages/standard-minifiers.js.map",
      "path": "packages/standard-minifiers.js"
    },
    {
      "sourceMap": "packages/templating.js.map",
      "path": "packages/templating.js"
    },
    {
      "sourceMap": "packages/iron_core.js.map",
      "path": "packages/iron_core.js"
    },
    {
      "sourceMap": "packages/iron_dynamic-template.js.map",
      "path": "packages/iron_dynamic-template.js"
    },
    {
      "sourceMap": "packages/iron_layout.js.map",
      "path": "packages/iron_layout.js"
    },
    {
      "sourceMap": "packages/iron_url.js.map",
      "path": "packages/iron_url.js"
    },
    {
      "sourceMap": "packages/iron_middleware-stack.js.map",
      "path": "packages/iron_middleware-stack.js"
    },
    {
      "sourceMap": "packages/iron_location.js.map",
      "path": "packages/iron_location.js"
    },
    {
      "sourceMap": "packages/reactive-dict.js.map",
      "path": "packages/reactive-dict.js"
    },
    {
      "sourceMap": "packages/iron_controller.js.map",
      "path": "packages/iron_controller.js"
    },
    {
      "node_modules": "npm/iron_router/node_modules",
      "sourceMap": "packages/iron_router.js.map",
      "path": "packages/iron_router.js"
    },
    {
      "node_modules": "npm/npm-bcrypt/node_modules",
      "sourceMap": "packages/npm-bcrypt.js.map",
      "path": "packages/npm-bcrypt.js"
    },
    {
      "sourceMap": "packages/accounts-base.js.map",
      "path": "packages/accounts-base.js"
    },
    {
      "sourceMap": "packages/sha.js.map",
      "path": "packages/sha.js"
    },
    {
      "sourceMap": "packages/srp.js.map",
      "path": "packages/srp.js"
    },
    {
      "node_modules": "npm/email/node_modules",
      "sourceMap": "packages/email.js.map",
      "path": "packages/email.js"
    },
    {
      "sourceMap": "packages/accounts-password.js.map",
      "path": "packages/accounts-password.js"
    },
    {
      "sourceMap": "packages/mizzao_jquery-ui.js.map",
      "path": "packages/mizzao_jquery-ui.js"
    },
    {
      "sourceMap": "packages/fortawesome_fontawesome.js.map",
      "path": "packages/fortawesome_fontawesome.js"
    },
    {
      "sourceMap": "packages/juliancwirko_s-alert.js.map",
      "path": "packages/juliancwirko_s-alert.js"
    },
    {
      "sourceMap": "packages/juliancwirko_s-alert-stackslide.js.map",
      "path": "packages/juliancwirko_s-alert-stackslide.js"
    },
    {
      "sourceMap": "packages/cfs_base-package.js.map",
      "path": "packages/cfs_base-package.js"
    },
    {
      "sourceMap": "packages/livedata.js.map",
      "path": "packages/livedata.js"
    },
    {
      "sourceMap": "packages/mongo-livedata.js.map",
      "path": "packages/mongo-livedata.js"
    },
    {
      "sourceMap": "packages/raix_eventemitter.js.map",
      "path": "packages/raix_eventemitter.js"
    },
    {
      "node_modules": "npm/cfs_storage-adapter/node_modules",
      "sourceMap": "packages/cfs_storage-adapter.js.map",
      "path": "packages/cfs_storage-adapter.js"
    },
    {
      "node_modules": "npm/cfs_filesystem/node_modules",
      "sourceMap": "packages/cfs_filesystem.js.map",
      "path": "packages/cfs_filesystem.js"
    },
    {
      "sourceMap": "packages/cfs_standard-packages.js.map",
      "path": "packages/cfs_standard-packages.js"
    },
    {
      "node_modules": "npm/cfs_gridfs/node_modules",
      "sourceMap": "packages/cfs_gridfs.js.map",
      "path": "packages/cfs_gridfs.js"
    },
    {
      "sourceMap": "packages/themeteorchef_jquery-validation.js.map",
      "path": "packages/themeteorchef_jquery-validation.js"
    },
    {
      "sourceMap": "packages/d3js_d3.js.map",
      "path": "packages/d3js_d3.js"
    },
    {
      "sourceMap": "packages/url.js.map",
      "path": "packages/url.js"
    },
    {
      "node_modules": "npm/http/node_modules",
      "sourceMap": "packages/http.js.map",
      "path": "packages/http.js"
    },
    {
      "sourceMap": "packages/hot-code-push.js.map",
      "path": "packages/hot-code-push.js"
    },
    {
      "sourceMap": "packages/launch-screen.js.map",
      "path": "packages/launch-screen.js"
    },
    {
      "node_modules": "npm/cfs_data-man/node_modules",
      "sourceMap": "packages/cfs_data-man.js.map",
      "path": "packages/cfs_data-man.js"
    },
    {
      "node_modules": "npm/cfs_file/node_modules",
      "sourceMap": "packages/cfs_file.js.map",
      "path": "packages/cfs_file.js"
    },
    {
      "node_modules": "npm/cfs_tempstore/node_modules",
      "sourceMap": "packages/cfs_tempstore.js.map",
      "path": "packages/cfs_tempstore.js"
    },
    {
      "sourceMap": "packages/cfs_http-methods.js.map",
      "path": "packages/cfs_http-methods.js"
    },
    {
      "sourceMap": "packages/cfs_http-publish.js.map",
      "path": "packages/cfs_http-publish.js"
    },
    {
      "sourceMap": "packages/cfs_access-point.js.map",
      "path": "packages/cfs_access-point.js"
    },
    {
      "sourceMap": "packages/cfs_reactive-property.js.map",
      "path": "packages/cfs_reactive-property.js"
    },
    {
      "sourceMap": "packages/cfs_reactive-list.js.map",
      "path": "packages/cfs_reactive-list.js"
    },
    {
      "sourceMap": "packages/cfs_power-queue.js.map",
      "path": "packages/cfs_power-queue.js"
    },
    {
      "sourceMap": "packages/cfs_upload-http.js.map",
      "path": "packages/cfs_upload-http.js"
    },
    {
      "sourceMap": "packages/cfs_collection.js.map",
      "path": "packages/cfs_collection.js"
    },
    {
      "sourceMap": "packages/cfs_collection-filters.js.map",
      "path": "packages/cfs_collection-filters.js"
    },
    {
      "sourceMap": "packages/cfs_worker.js.map",
      "path": "packages/cfs_worker.js"
    },
    {
      "sourceMap": "packages/autoupdate.js.map",
      "path": "packages/autoupdate.js"
    },
    {
      "sourceMap": "packages/reload.js.map",
      "path": "packages/reload.js"
    },
    {
      "path": "packages/global-imports.js"
    },
    {
      "sourceMap": "app/lib/collections/collection.js.map",
      "path": "app/lib/collections/collection.js",
      "assets": {
        ".gitkeep": "assets/app/.gitkeep"
      }
    },
    {
      "sourceMap": "app/lib/controllers/route_controller.js.map",
      "path": "app/lib/controllers/route_controller.js",
      "assets": {
        ".gitkeep": "assets/app/.gitkeep"
      }
    },
    {
      "sourceMap": "app/lib/router.js.map",
      "path": "app/lib/router.js",
      "assets": {
        ".gitkeep": "assets/app/.gitkeep"
      }
    },
    {
      "sourceMap": "app/server/bootstrap.js.map",
      "path": "app/server/bootstrap.js",
      "assets": {
        ".gitkeep": "assets/app/.gitkeep"
      }
    },
    {
      "sourceMap": "app/server/methods.js.map",
      "path": "app/server/methods.js",
      "assets": {
        ".gitkeep": "assets/app/.gitkeep"
      }
    },
    {
      "sourceMap": "app/server/publish.js.map",
      "path": "app/server/publish.js",
      "assets": {
        ".gitkeep": "assets/app/.gitkeep"
      }
    },
    {
      "sourceMap": "packages/service-configuration.js.map",
      "path": "packages/service-configuration.js"
    }
  ]
}