{
  "format": "web-program-pre1",
  "manifest": [
    {
      "path": "459683a9ca0b90bc2532bc5ef77c1a7caad7aba9.js",
      "where": "client",
      "type": "js",
      "cacheable": true,
      "url": "/459683a9ca0b90bc2532bc5ef77c1a7caad7aba9.js?meteor_js_resource=true",
      "size": 1192544,
      "hash": "459683a9ca0b90bc2532bc5ef77c1a7caad7aba9"
    },
    {
      "path": "154e5c9ee39922955fb0af9cd6bd134e525bada4.css",
      "where": "client",
      "type": "css",
      "cacheable": true,
      "url": "/154e5c9ee39922955fb0af9cd6bd134e525bada4.css?meteor_css_resource=true",
      "size": 77469,
      "hash": "154e5c9ee39922955fb0af9cd6bd134e525bada4"
    },
    {
      "path": "packages/mizzao_jquery-ui/images/ui-bg_flat_0_aaaaaa_40x100.png",
      "where": "client",
      "type": "asset",
      "cacheable": false,
      "url": "/packages/mizzao_jquery-ui/images/ui-bg_flat_0_aaaaaa_40x100.png",
      "size": 251,
      "hash": "212a733f69d3e21221433052f072f6f0dce6bcf2"
    },
    {
      "path": "packages/mizzao_jquery-ui/images/ui-bg_flat_75_ffffff_40x100.png",
      "where": "client",
      "type": "asset",
      "cacheable": false,
      "url": "/packages/mizzao_jquery-ui/images/ui-bg_flat_75_ffffff_40x100.png",
      "size": 247,
      "hash": "4460a060c9f36d00f20ba600845e231ac547df55"
    },
    {
      "path": "packages/mizzao_jquery-ui/images/ui-bg_glass_55_fbf9ee_1x400.png",
      "where": "client",
      "type": "asset",
      "cacheable": false,
      "url": "/packages/mizzao_jquery-ui/images/ui-bg_glass_55_fbf9ee_1x400.png",
      "size": 374,
      "hash": "bc2e8758ff27e862c51d8666b77e0da7ccba520a"
    },
    {
      "path": "packages/mizzao_jquery-ui/images/ui-bg_glass_65_ffffff_1x400.png",
      "where": "client",
      "type": "asset",
      "cacheable": false,
      "url": "/packages/mizzao_jquery-ui/images/ui-bg_glass_65_ffffff_1x400.png",
      "size": 246,
      "hash": "ba43b3d9f70d7f5afd29a4d37a71c31a7262a8c6"
    },
    {
      "path": "packages/mizzao_jquery-ui/images/ui-bg_glass_75_dadada_1x400.png",
      "where": "client",
      "type": "asset",
      "cacheable": false,
      "url": "/packages/mizzao_jquery-ui/images/ui-bg_glass_75_dadada_1x400.png",
      "size": 301,
      "hash": "64ce5d83326c1dcc8fa57dc07a3f10b1dcc4d95b"
    },
    {
      "path": "packages/mizzao_jquery-ui/images/ui-bg_glass_75_e6e6e6_1x400.png",
      "where": "client",
      "type": "asset",
      "cacheable": false,
      "url": "/packages/mizzao_jquery-ui/images/ui-bg_glass_75_e6e6e6_1x400.png",
      "size": 301,
      "hash": "7ebe8922da47765828cb099bf6592d7aa68c361a"
    },
    {
      "path": "packages/mizzao_jquery-ui/images/ui-bg_glass_95_fef1ec_1x400.png",
      "where": "client",
      "type": "asset",
      "cacheable": false,
      "url": "/packages/mizzao_jquery-ui/images/ui-bg_glass_95_fef1ec_1x400.png",
      "size": 371,
      "hash": "a8d6c48b8671e3e0f9f23c9571b80b5da1d368c5"
    },
    {
      "path": "packages/mizzao_jquery-ui/images/ui-bg_highlight-soft_75_cccccc_1x100.png",
      "where": "client",
      "type": "asset",
      "cacheable": false,
      "url": "/packages/mizzao_jquery-ui/images/ui-bg_highlight-soft_75_cccccc_1x100.png",
      "size": 319,
      "hash": "7919c58573dfcd0aa50532af40df2d1ada90aaea"
    },
    {
      "path": "packages/mizzao_jquery-ui/images/ui-icons_222222_256x240.png",
      "where": "client",
      "type": "asset",
      "cacheable": false,
      "url": "/packages/mizzao_jquery-ui/images/ui-icons_222222_256x240.png",
      "size": 7006,
      "hash": "7862b11eb21137bc07ea8d5c3112492739616fc6"
    },
    {
      "path": "packages/mizzao_jquery-ui/images/ui-icons_2e83ff_256x240.png",
      "where": "client",
      "type": "asset",
      "cacheable": false,
      "url": "/packages/mizzao_jquery-ui/images/ui-icons_2e83ff_256x240.png",
      "size": 4599,
      "hash": "3c7ba2e72ebfafda0d85407dad212a3226bcc2be"
    },
    {
      "path": "packages/mizzao_jquery-ui/images/ui-icons_454545_256x240.png",
      "where": "client",
      "type": "asset",
      "cacheable": false,
      "url": "/packages/mizzao_jquery-ui/images/ui-icons_454545_256x240.png",
      "size": 7071,
      "hash": "d24fbb4bdb30b08cc051fefad60545dee6a75a1e"
    },
    {
      "path": "packages/mizzao_jquery-ui/images/ui-icons_888888_256x240.png",
      "where": "client",
      "type": "asset",
      "cacheable": false,
      "url": "/packages/mizzao_jquery-ui/images/ui-icons_888888_256x240.png",
      "size": 7092,
      "hash": "288a718e442a5590aed843d42076199ea2f3967d"
    },
    {
      "path": "packages/mizzao_jquery-ui/images/ui-icons_cd0a0a_256x240.png",
      "where": "client",
      "type": "asset",
      "cacheable": false,
      "url": "/packages/mizzao_jquery-ui/images/ui-icons_cd0a0a_256x240.png",
      "size": 4599,
      "hash": "49b25af4955563590c5b9d748b39ea99fc72a4c9"
    },
    {
      "path": "packages/fortawesome_fontawesome/upstream/fonts/fontawesome-webfont.eot",
      "where": "client",
      "type": "asset",
      "cacheable": false,
      "url": "/packages/fortawesome_fontawesome/upstream/fonts/fontawesome-webfont.eot",
      "size": 68875,
      "hash": "b3c2f08e73320135b69c23a3908b87a12053a2f6"
    },
    {
      "path": "packages/fortawesome_fontawesome/upstream/fonts/fontawesome-webfont.svg",
      "where": "client",
      "type": "asset",
      "cacheable": false,
      "url": "/packages/fortawesome_fontawesome/upstream/fonts/fontawesome-webfont.svg",
      "size": 355981,
      "hash": "2b3c8ba7008cc014d8fb37abc6f9f49aeda83824"
    },
    {
      "path": "packages/fortawesome_fontawesome/upstream/fonts/fontawesome-webfont.ttf",
      "where": "client",
      "type": "asset",
      "cacheable": false,
      "url": "/packages/fortawesome_fontawesome/upstream/fonts/fontawesome-webfont.ttf",
      "size": 138204,
      "hash": "27cf1f2ec59aece6938c7bb2feb0e287ea778ff9"
    },
    {
      "path": "packages/fortawesome_fontawesome/upstream/fonts/fontawesome-webfont.woff",
      "where": "client",
      "type": "asset",
      "cacheable": false,
      "url": "/packages/fortawesome_fontawesome/upstream/fonts/fontawesome-webfont.woff",
      "size": 81284,
      "hash": "507970402e328b2baeb05bde73bf9ded4e2c3a2d"
    },
    {
      "path": "packages/fortawesome_fontawesome/upstream/fonts/fontawesome-webfont.woff2",
      "where": "client",
      "type": "asset",
      "cacheable": false,
      "url": "/packages/fortawesome_fontawesome/upstream/fonts/fontawesome-webfont.woff2",
      "size": 64464,
      "hash": "574ea2698c03ae9477db2ea3baf460ee32f1a7ea"
    },
    {
      "path": "packages/fortawesome_fontawesome/upstream/fonts/FontAwesome.otf",
      "where": "client",
      "type": "asset",
      "cacheable": false,
      "url": "/packages/fortawesome_fontawesome/upstream/fonts/FontAwesome.otf",
      "size": 106260,
      "hash": "0112e96f327d413938d37c1693806f468ffdbace"
    },
    {
      "path": "app/.gitkeep",
      "where": "client",
      "type": "asset",
      "cacheable": false,
      "url": "/.gitkeep",
      "size": 1,
      "hash": "adc83b19e793491b1c6ea0fd8b46cd9f32e592fc"
    },
    {
      "path": "app/_fonts/FontAwesome.otf",
      "where": "client",
      "type": "asset",
      "cacheable": false,
      "url": "/_fonts/FontAwesome.otf",
      "size": 75188,
      "hash": "46198321f916ab2aa86c0ad51e0aacaa73783bd7"
    },
    {
      "path": "app/_fonts/fontawesome-webfont.eot",
      "where": "client",
      "type": "asset",
      "cacheable": false,
      "url": "/_fonts/fontawesome-webfont.eot",
      "size": 72449,
      "hash": "ad0c0513a2fbb7326ac5e11f7c94b95aa23b02e0"
    },
    {
      "path": "app/_fonts/fontawesome-webfont.svg",
      "where": "client",
      "type": "asset",
      "cacheable": false,
      "url": "/_fonts/fontawesome-webfont.svg",
      "size": 253487,
      "hash": "28a0cd129eb6e57d21f8c511581f1909ee6b934a"
    },
    {
      "path": "app/_fonts/fontawesome-webfont.ttf",
      "where": "client",
      "type": "asset",
      "cacheable": false,
      "url": "/_fonts/fontawesome-webfont.ttf",
      "size": 141564,
      "hash": "c59792c0a05a4da1f9202a390a27e2d500c36752"
    },
    {
      "path": "app/_fonts/fontawesome-webfont.woff",
      "where": "client",
      "type": "asset",
      "cacheable": false,
      "url": "/_fonts/fontawesome-webfont.woff",
      "size": 83760,
      "hash": "7f2f3c55c2de192387c351b995115f6b79e09173"
    },
    {
      "path": "app/pictures/icon_check.png",
      "where": "client",
      "type": "asset",
      "cacheable": false,
      "url": "/pictures/icon_check.png",
      "size": 41238,
      "hash": "e4a30053eb7aed7e4f719d286117c5ad38d74baf"
    },
    {
      "path": "app/pictures/logo.png",
      "where": "client",
      "type": "asset",
      "cacheable": false,
      "url": "/pictures/logo.png",
      "size": 2930,
      "hash": "904b49f1a00298afa85e05b94172f510d9b3bfb2"
    },
    {
      "path": "app/pictures/logo_white.png",
      "where": "client",
      "type": "asset",
      "cacheable": false,
      "url": "/pictures/logo_white.png",
      "size": 2142,
      "hash": "68e194a0b8ca19301f6d756d38c1b07f0c0f221b"
    },
    {
      "path": "app/pictures/correction_tool/carte.jpeg",
      "where": "client",
      "type": "asset",
      "cacheable": false,
      "url": "/pictures/correction_tool/carte.jpeg",
      "size": 2523719,
      "hash": "929f64140d1af19bc6ad3ece251196420e2e918a"
    },
    {
      "path": "app/pictures/correction_tool/foot.jpg",
      "where": "client",
      "type": "asset",
      "cacheable": false,
      "url": "/pictures/correction_tool/foot.jpg",
      "size": 348168,
      "hash": "e7ce2d235307bfaa0ed4d59782cec0aaffe35785"
    },
    {
      "path": "app/pictures/correction_tool/graphique-deutera.png",
      "where": "client",
      "type": "asset",
      "cacheable": false,
      "url": "/pictures/correction_tool/graphique-deutera.png",
      "size": 5008,
      "hash": "0ee71a80a47e9937251cb7fe375d93d718901a0f"
    },
    {
      "path": "app/pictures/correction_tool/graphique-trita.png",
      "where": "client",
      "type": "asset",
      "cacheable": false,
      "url": "/pictures/correction_tool/graphique-trita.png",
      "size": 5008,
      "hash": "581e7d9d2937e6a1ec5410f767cd86a30e290c58"
    },
    {
      "path": "app/pictures/correction_tool/link.png",
      "where": "client",
      "type": "asset",
      "cacheable": false,
      "url": "/pictures/correction_tool/link.png",
      "size": 101558,
      "hash": "2a00447eb34d47e1cf6ebc4a05987234e399164b"
    },
    {
      "path": "app/pictures/correction_tool/metro.png",
      "where": "client",
      "type": "asset",
      "cacheable": false,
      "url": "/pictures/correction_tool/metro.png",
      "size": 918005,
      "hash": "bc41ec98c458b0a2d7ccfb55f0d700701cee08a4"
    },
    {
      "path": "app/pictures/correction_tool/plage.jpeg",
      "where": "client",
      "type": "asset",
      "cacheable": false,
      "url": "/pictures/correction_tool/plage.jpeg",
      "size": 487344,
      "hash": "48a199ed3abc20eb54adbf878b8dd52460bcf564"
    },
    {
      "path": "app/pictures/correction_tool/plate02.svg",
      "where": "client",
      "type": "asset",
      "cacheable": false,
      "url": "/pictures/correction_tool/plate02.svg",
      "size": 129174,
      "hash": "884f9b4852904364c3068979949ae6923e6614c4"
    },
    {
      "path": "app/pictures/correction_tool/plate03.svg",
      "where": "client",
      "type": "asset",
      "cacheable": false,
      "url": "/pictures/correction_tool/plate03.svg",
      "size": 135616,
      "hash": "50216c1eebf294caf601759b8c86db1df8c1ebf8"
    },
    {
      "path": "app/pictures/correction_tool/plate04.svg",
      "where": "client",
      "type": "asset",
      "cacheable": false,
      "url": "/pictures/correction_tool/plate04.svg",
      "size": 114159,
      "hash": "2a326f3d903861c3283a67178a2ec1630495d89b"
    },
    {
      "path": "app/pictures/correction_tool/plate05.svg",
      "where": "client",
      "type": "asset",
      "cacheable": false,
      "url": "/pictures/correction_tool/plate05.svg",
      "size": 120905,
      "hash": "453f141a87e5058b4bebc7300b6974f5d5000568"
    },
    {
      "path": "app/pictures/correction_tool/plate14.svg",
      "where": "client",
      "type": "asset",
      "cacheable": false,
      "url": "/pictures/correction_tool/plate14.svg",
      "size": 161470,
      "hash": "fc9109ecbeb0264d3b66082a68ef87f69fe03581"
    },
    {
      "path": "app/pictures/correction_tool/plate15.svg",
      "where": "client",
      "type": "asset",
      "cacheable": false,
      "url": "/pictures/correction_tool/plate15.svg",
      "size": 158376,
      "hash": "2955e9c285f9b553a2e3d4576bb1c5cdc5b84f97"
    },
    {
      "path": "app/pictures/correction_tool/plate16.svg",
      "where": "client",
      "type": "asset",
      "cacheable": false,
      "url": "/pictures/correction_tool/plate16.svg",
      "size": 95148,
      "hash": "60b2885655a0708860f0c0f9c20af56edd7a6799"
    },
    {
      "path": "app/pictures/correction_tool/plate17.svg",
      "where": "client",
      "type": "asset",
      "cacheable": false,
      "url": "/pictures/correction_tool/plate17.svg",
      "size": 99929,
      "hash": "58da5a8bff6c69178172077c10726b5093c3207a"
    },
    {
      "path": "app/pictures/correction_tool/pomme.jpg",
      "where": "client",
      "type": "asset",
      "cacheable": false,
      "url": "/pictures/correction_tool/pomme.jpg",
      "size": 297870,
      "hash": "072f11a6712dd8c26b880b25d477193b6d842dd1"
    },
    {
      "path": "app/pictures/correction_tool/trivialpursuit.jpg",
      "where": "client",
      "type": "asset",
      "cacheable": false,
      "url": "/pictures/correction_tool/trivialpursuit.jpg",
      "size": 119103,
      "hash": "42798ee7de4aadd49169c2447dd14da97f0749d7"
    },
    {
      "path": "app/pictures/plates_SVG/01.svg",
      "where": "client",
      "type": "asset",
      "cacheable": false,
      "url": "/pictures/plates_SVG/01.svg",
      "size": 99544,
      "hash": "0c6a68491bf58c0d693c349484a2504b9c2fba6d"
    },
    {
      "path": "app/pictures/plates_SVG/02.svg",
      "where": "client",
      "type": "asset",
      "cacheable": false,
      "url": "/pictures/plates_SVG/02.svg",
      "size": 129174,
      "hash": "884f9b4852904364c3068979949ae6923e6614c4"
    },
    {
      "path": "app/pictures/plates_SVG/03.svg",
      "where": "client",
      "type": "asset",
      "cacheable": false,
      "url": "/pictures/plates_SVG/03.svg",
      "size": 135616,
      "hash": "50216c1eebf294caf601759b8c86db1df8c1ebf8"
    },
    {
      "path": "app/pictures/plates_SVG/04.svg",
      "where": "client",
      "type": "asset",
      "cacheable": false,
      "url": "/pictures/plates_SVG/04.svg",
      "size": 114159,
      "hash": "2a326f3d903861c3283a67178a2ec1630495d89b"
    },
    {
      "path": "app/pictures/plates_SVG/05.svg",
      "where": "client",
      "type": "asset",
      "cacheable": false,
      "url": "/pictures/plates_SVG/05.svg",
      "size": 120905,
      "hash": "453f141a87e5058b4bebc7300b6974f5d5000568"
    },
    {
      "path": "app/pictures/plates_SVG/06.svg",
      "where": "client",
      "type": "asset",
      "cacheable": false,
      "url": "/pictures/plates_SVG/06.svg",
      "size": 132422,
      "hash": "ac8b4b2b9d56e53b7d7de917f56f6eb202a83839"
    },
    {
      "path": "app/pictures/plates_SVG/07.svg",
      "where": "client",
      "type": "asset",
      "cacheable": false,
      "url": "/pictures/plates_SVG/07.svg",
      "size": 114564,
      "hash": "9a9a1682098298f44f57f486a7ad36bfa74a83c7"
    },
    {
      "path": "app/pictures/plates_SVG/08.svg",
      "where": "client",
      "type": "asset",
      "cacheable": false,
      "url": "/pictures/plates_SVG/08.svg",
      "size": 130500,
      "hash": "e2ece8f41b910b16ab519a19e1738d18a574ed67"
    },
    {
      "path": "app/pictures/plates_SVG/09.svg",
      "where": "client",
      "type": "asset",
      "cacheable": false,
      "url": "/pictures/plates_SVG/09.svg",
      "size": 121319,
      "hash": "48dbe825f9f81300c9d7668b76989f425957ce61"
    },
    {
      "path": "app/pictures/plates_SVG/10.svg",
      "where": "client",
      "type": "asset",
      "cacheable": false,
      "url": "/pictures/plates_SVG/10.svg",
      "size": 133034,
      "hash": "a52b0e52d1b4b9cb711b06fc7d648138c7a0f986"
    },
    {
      "path": "app/pictures/plates_SVG/11.svg",
      "where": "client",
      "type": "asset",
      "cacheable": false,
      "url": "/pictures/plates_SVG/11.svg",
      "size": 128593,
      "hash": "c80730a5a10e78be9aead50550711e810438925f"
    },
    {
      "path": "app/pictures/plates_SVG/12.svg",
      "where": "client",
      "type": "asset",
      "cacheable": false,
      "url": "/pictures/plates_SVG/12.svg",
      "size": 97401,
      "hash": "1e2f711f544de90531e738730601eed83691b6eb"
    },
    {
      "path": "app/pictures/plates_SVG/13.svg",
      "where": "client",
      "type": "asset",
      "cacheable": false,
      "url": "/pictures/plates_SVG/13.svg",
      "size": 98760,
      "hash": "466c91294265ac09902759648bfca9564011576b"
    },
    {
      "path": "app/pictures/plates_SVG/14.svg",
      "where": "client",
      "type": "asset",
      "cacheable": false,
      "url": "/pictures/plates_SVG/14.svg",
      "size": 161470,
      "hash": "fc9109ecbeb0264d3b66082a68ef87f69fe03581"
    },
    {
      "path": "app/pictures/plates_SVG/15.svg",
      "where": "client",
      "type": "asset",
      "cacheable": false,
      "url": "/pictures/plates_SVG/15.svg",
      "size": 158376,
      "hash": "2955e9c285f9b553a2e3d4576bb1c5cdc5b84f97"
    },
    {
      "path": "app/pictures/plates_SVG/16.svg",
      "where": "client",
      "type": "asset",
      "cacheable": false,
      "url": "/pictures/plates_SVG/16.svg",
      "size": 95148,
      "hash": "60b2885655a0708860f0c0f9c20af56edd7a6799"
    },
    {
      "path": "app/pictures/plates_SVG/17.svg",
      "where": "client",
      "type": "asset",
      "cacheable": false,
      "url": "/pictures/plates_SVG/17.svg",
      "size": 99929,
      "hash": "58da5a8bff6c69178172077c10726b5093c3207a"
    },
    {
      "path": "app/pictures/plates_SVG/18.svg",
      "where": "client",
      "type": "asset",
      "cacheable": false,
      "url": "/pictures/plates_SVG/18.svg",
      "size": 131425,
      "hash": "145e9a9e0fa3f1080e44190e09384fb4ba2f608a"
    },
    {
      "path": "app/pictures/plates_SVG/19.svg",
      "where": "client",
      "type": "asset",
      "cacheable": false,
      "url": "/pictures/plates_SVG/19.svg",
      "size": 120730,
      "hash": "77f70d72045c6fc1d4d05dd386568a751d13ae8e"
    },
    {
      "path": "app/pictures/plates_SVG/20.svg",
      "where": "client",
      "type": "asset",
      "cacheable": false,
      "url": "/pictures/plates_SVG/20.svg",
      "size": 105341,
      "hash": "b05f52350b70ce7c8ef0cb4a85d9d4de87f24d14"
    },
    {
      "path": "app/pictures/plates_SVG/21.svg",
      "where": "client",
      "type": "asset",
      "cacheable": false,
      "url": "/pictures/plates_SVG/21.svg",
      "size": 100409,
      "hash": "5a2380b294a5d988206683466919484c90c8e1e7"
    },
    {
      "path": "app/pictures/plates_SVG/22.svg",
      "where": "client",
      "type": "asset",
      "cacheable": false,
      "url": "/pictures/plates_SVG/22.svg",
      "size": 141791,
      "hash": "99d2ba23ea3c68bf6f7d3aad9ae5c0810815f277"
    },
    {
      "path": "app/pictures/plates_SVG/23.svg",
      "where": "client",
      "type": "asset",
      "cacheable": false,
      "url": "/pictures/plates_SVG/23.svg",
      "size": 131584,
      "hash": "6055035aea002c67f0fb5b93a3eaefad0a116a3d"
    },
    {
      "path": "app/pictures/plates_SVG/24.svg",
      "where": "client",
      "type": "asset",
      "cacheable": false,
      "url": "/pictures/plates_SVG/24.svg",
      "size": 117163,
      "hash": "1552c86e22a08479a77ad241a8b48ac856719f6c"
    },
    {
      "path": "app/pictures/plates_SVG/25.svg",
      "where": "client",
      "type": "asset",
      "cacheable": false,
      "url": "/pictures/plates_SVG/25.svg",
      "size": 114041,
      "hash": "acae24208958f67aab633495cd431203b57cf4b6"
    },
    {
      "path": "app/pictures/plates_SVG/26.svg",
      "where": "client",
      "type": "asset",
      "cacheable": false,
      "url": "/pictures/plates_SVG/26.svg",
      "size": 123394,
      "hash": "6aa23bf20cac480e781b7c99039bb626b78f305c"
    },
    {
      "path": "app/pictures/plates_SVG/27.svg",
      "where": "client",
      "type": "asset",
      "cacheable": false,
      "url": "/pictures/plates_SVG/27.svg",
      "size": 134160,
      "hash": "5b42263c1ee9a6e7f554ceea9f0300214005229c"
    },
    {
      "path": "app/pictures/plates_SVG/28.svg",
      "where": "client",
      "type": "asset",
      "cacheable": false,
      "url": "/pictures/plates_SVG/28.svg",
      "size": 114231,
      "hash": "691bee0b41007a2a9c2b674fa281f502387f4f4f"
    },
    {
      "path": "app/pictures/plates_SVG/29.svg",
      "where": "client",
      "type": "asset",
      "cacheable": false,
      "url": "/pictures/plates_SVG/29.svg",
      "size": 128881,
      "hash": "632027feb4e9ab1977bd8eccf8e0c35982c80020"
    },
    {
      "path": "app/pictures/plates_SVG/30.svg",
      "where": "client",
      "type": "asset",
      "cacheable": false,
      "url": "/pictures/plates_SVG/30.svg",
      "size": 122754,
      "hash": "19945a92258e9ef0239bec0aba2ff30463d92790"
    },
    {
      "path": "app/pictures/plates_SVG/31.svg",
      "where": "client",
      "type": "asset",
      "cacheable": false,
      "url": "/pictures/plates_SVG/31.svg",
      "size": 113596,
      "hash": "4b9f0aa6406d23f5193a427b83e80ea618143dfe"
    },
    {
      "path": "app/pictures/plates_SVG/32.svg",
      "where": "client",
      "type": "asset",
      "cacheable": false,
      "url": "/pictures/plates_SVG/32.svg",
      "size": 133866,
      "hash": "531cbb7d0f42e1fc5989c6d098fb05d50a00e46c"
    },
    {
      "path": "app/pictures/plates_SVG/33.svg",
      "where": "client",
      "type": "asset",
      "cacheable": false,
      "url": "/pictures/plates_SVG/33.svg",
      "size": 96330,
      "hash": "8f15f6f649844f8bbfc97761952e95539d33d5b7"
    },
    {
      "path": "app/pictures/plates_SVG/34.svg",
      "where": "client",
      "type": "asset",
      "cacheable": false,
      "url": "/pictures/plates_SVG/34.svg",
      "size": 104359,
      "hash": "bdbe2ee67f7b748ab3dda30d6a1713b7d976445a"
    },
    {
      "path": "app/pictures/plates_SVG/35.svg",
      "where": "client",
      "type": "asset",
      "cacheable": false,
      "url": "/pictures/plates_SVG/35.svg",
      "size": 120892,
      "hash": "a693d17207d452ca282c88979ac7f900797178b4"
    },
    {
      "path": "app/pictures/plates_SVG/36.svg",
      "where": "client",
      "type": "asset",
      "cacheable": false,
      "url": "/pictures/plates_SVG/36.svg",
      "size": 105087,
      "hash": "6268b6a523d3976ba19f1cfd0d8321cc59c63094"
    },
    {
      "path": "app/pictures/plates_SVG/37.svg",
      "where": "client",
      "type": "asset",
      "cacheable": false,
      "url": "/pictures/plates_SVG/37.svg",
      "size": 113718,
      "hash": "b67c1ef4f1e520e30e3e79fc0d6a5102e9ae1f51"
    },
    {
      "path": "app/pictures/plates_SVG/38.svg",
      "where": "client",
      "type": "asset",
      "cacheable": false,
      "url": "/pictures/plates_SVG/38.svg",
      "size": 84615,
      "hash": "d44a2ed168296e66000a63ced50d12a6f9093eee"
    },
    {
      "path": "head.html",
      "where": "internal",
      "type": "head",
      "hash": "9a210006ac4809085118e6a723ec0666d5300624"
    }
  ]
}